,Cluster,App,H
0,1,IP_ICMP,0.046522556390977444
1,2,MS_ONE_DRIVE,0.06022408963585434
2,3,DNS,0.15015015015015015
3,4,OFFICE_365,0.32
